{
  "mesage": "details fetch successfully",
  "getPricingCourse1DetailsSec1": {
    "videotitle": "نبذة عن الدورة"
  },
  "isfree":"false",
  "formattedCourseData": {
    "id": "672c6420b3e5c110514f52f9",
    "courseId": "24",
    "title": "أساسيات التمثيل",
    "description": " تستهدف هذه الدورة الأشخاص الذين يسعون لاكتشاف الممثل الذي بداخلهم وتطوير مهاراتهم في فن التمثيل أمام الكاميرا. ستساعدك الدورة على تعزيز قدرتك على تقديم شخصيات واقعية ومؤثرة، حيث ستتعلم تقنيات الأداء التي تجعل أدائك صادقًا وغير مفتعل. من خلال استكشاف الأساليب المختلفة، ستكتسب الأدوات اللازمة لفهم النصوص بعمق وتحليل الشخصيات بشكل فعّال.",
    "whatyoulearn": "في هذه الدورة، ستتعلم مفهوم التمثيل ومدارسه المختلفة، بالإضافة إلى الأدوات الأساسية التي يحتاجها كل ممثل. ستتضمن الدورة تمارين تهدف إلى تعزيز موهبتك التمثيلية، كما ستستكشف فن الارتجال وقواعده. ستتعرف أيضًا على أساليب الانسجام بينك وبين الممثلين الآخرين، وكيفية التحضير بشكل فعال قبل تصوير المشهد. كما ستساعدك الدورة في فهم كيفية تقديم أداء قوي ومؤثر يجذب انتباه الجمهور، إلى جانب تعلم أهم النقاط مثل مدارس التمثيل المختلفة، فن الارتجال، نصائح للتحضير ليوم التصوير، فهم عقود التمثيل، واستراتيجيات تسويق الذات كممثل.",
    "price": " ٧٥٠  ر.س",
    "lecturecount": " ٦٧ درس",
    "promoPhoto": "string",
    "promoVideo": "https://maflamlmsnew.s3.me-central-1.amazonaws.com/marketingphotos/course+teasers/Acting/7.1.945_Kaled_Acting_%D8%A7%D9%84%D9%85%D9%82%D8%AF%D9%85%D8%A9_V01.mp4",
    "banner": "string",
    "lessions": [
      {
        "SectionTitle1": "المقدمة",
        "Lessons": [
          {
            "lesson_name": "عن الوحدة",
            "timing": "١:٤٥"
          },
          {
            "lesson_name": "ما هو التمثيل",
            "timing": "١:٠٣"
          },
          {
            "lesson_name": "مقدمة في مدارس التمثيل",
            "timing": "٣:٢٥"
          },
          {
            "lesson_name": "المدرسة الكلاسيكية - فرنسوا ديلسارتيه",
            "timing": "٣:١٧"
          },
          {
            "lesson_name": "المدرسة الواقعية - قسطنطين ستانيسلافسكي",
            "timing": "٢:٤٣"
          },
          {
            "lesson_name": "المدرسة الواقعية - ستراسبيرغ",
            "timing": "٢:٤٨"
          },
          {
            "lesson_name": "المدرسة الواقعية - مايزنر",
            "timing": "٣:٤٨"
          },
          {
            "lesson_name": "المدرسة الواقعية - ستيلا آدلر",
            "timing": "٢:٣٥"
          },
          {
            "lesson_name": "المدرسة الواقعية - بريخت",
            "timing": "٣:٤٣"
          },
          {
            "lesson_name": "أنواع الممثلين",
            "timing": "٥:٤٩"
          },
          {
            "lesson_name": "الفرق بين التمثيل المسرحي والسينمائي والتلفزيوني",
            "timing": "١:٣٦"
          },
          {
            "lesson_name": "أدوات الممثل - الوجه",
            "timing": "٢:٥١"
          },
          {
            "lesson_name": "أدوات الممثل - استخدام الجسد والحركة والإيماءات",
            "timing": "٥:٢٨"
          },
          {
            "lesson_name": "أدوات الممثل - تقنيات الصوت والتكبير الصوتي",
            "timing": "١:٤٥"
          },
          {
            "lesson_name": "اللهجات",
            "timing": "٤:٣٧"
          },
          {
            "lesson_name": "العين",
            "timing": "٣:٣٣"
          }
        ]
      },
      {
        "SectionTitle1": "التحضير",
        "Lessons": [
          {
            "lesson_name": "الكاستينج",
            "timing": "٣:٢٦"
          },
          {
            "lesson_name": "تجارب الأداء",
            "timing": "٤:١٨"
          },
          {
            "lesson_name": "صيغ النص (الفرنسي والأمريكي)",
            "timing": "١:٢٣"
          },
          {
            "lesson_name": "تحديد الحوار",
            "timing": "٤:٣٣"
          },
          {
            "lesson_name": "قراءة ما بين السطور",
            "timing": "٢:٤٠"
          },
          {
            "lesson_name": "المغزى خلف كل مشهد",
            "timing": "٣:١٨"
          },
          {
            "lesson_name": "ربط الأحداث والخط الزمني للشخصية",
            "timing": "٢:٢١"
          },
          {
            "lesson_name": "تجاهل رغم المعرفة",
            "timing": "١:٤٤"
          },
          {
            "lesson_name": "اقتراحات تغيير النص",
            "timing": "٣:١٠"
          },
          {
            "lesson_name": "المذاكرة",
            "timing": "٢:٢٥"
          },
          {
            "lesson_name": "مسؤولية الممثل في تجسيد الشخصيات",
            "timing": "٢:٣٦"
          },
          {
            "lesson_name": "استكشاف العواطف",
            "timing": "٢:٢٩"
          },
          {
            "lesson_name": "استخدام التجارب الشخصية للتواصل مع شخصيات",
            "timing": "٣:٠٢"
          },
          {
            "lesson_name": "عمل سيرة ذاتية للشخصية",
            "timing": "٦:٠٩"
          },
          {
            "lesson_name": "تجنب النمطية",
            "timing": "٣:٠٩"
          },
          {
            "lesson_name": "إضافة لزمة للشخصية",
            "timing": "٢:٤٠"
          },
          {
            "lesson_name": "قراءة الطاولة",
            "timing": "٣:٠٢"
          },
          {
            "lesson_name": "البروفات",
            "timing": "٢:٣٥"
          },
          {
            "lesson_name": "الارتجال",
            "timing": "٢:٢٣"
          },
          {
            "lesson_name": "انسجام الممثل مع باقي الممثلين قبل التصوير",
            "timing": "٣:٣٩"
          },
          {
            "lesson_name": "الاكسسوارات",
            "timing": "٢:٠٠"
          },
          {
            "lesson_name": "مدرب التمثيل",
            "timing": "٤:٢٤"
          }
        ]
      },
      {
        "SectionTitle1": "الإنتاج",
        "Lessons": [
          {
            "lesson_name": "الكولشيت",
            "timing": "٥:٣٢"
          },
          {
            "lesson_name": "الاستعداد ليوم التصوير",
            "timing": "٦:٠٩"
          },
          {
            "lesson_name": "استخدام المساحات \"البلوكينج\"",
            "timing": "١:٥٦"
          },
          {
            "lesson_name": "الكاميرا",
            "timing": "٧:٤٠"
          },
          {
            "lesson_name": "باستخدام الاكسسوارات (البروبس)",
            "timing": "٢:١٠"
          },
          {
            "lesson_name": "التوقف (الكت)",
            "timing": "٢:٢٣"
          },
          {
            "lesson_name": "الاستمرارية (الراكور)",
            "timing": "٢:٠٣"
          },
          {
            "lesson_name": "الميكروفون",
            "timing": "٤:٣٩"
          },
          {
            "lesson_name": "الملابس",
            "timing": "٣:٥١"
          },
          {
            "lesson_name": "المشاهد الخطرة",
            "timing": "٤:٣٠"
          },
          {
            "lesson_name": "حدود العمل مع زملائك",
            "timing": "٣:٤٦"
          },
          {
            "lesson_name": "التعامل مع الأطفال في المشهد",
            "timing": "٢:٥٢"
          },
          {
            "lesson_name": "خليك مركز",
            "timing": "٢:٤٥"
          },
          {
            "lesson_name": "بروتوكولات موقع التصوير",
            "timing": "٦:٢٦"
          }
        ]
      },
      {
        "SectionTitle1": "نصائح عامة",
        "Lessons": [
          {
            "lesson_name": "أهمية دور المخرج",
            "timing": "٢:٠٠"
          },
          {
            "lesson_name": "الانسجام مع المخرج",
            "timing": "٤:٤٤"
          },
          {
            "lesson_name": "فهم أسلوب المخرج",
            "timing": "٢:١٨"
          },
          {
            "lesson_name": "أنواع المخرجين",
            "timing": "١:٥٥"
          },
          {
            "lesson_name": "الهامور - عبد الإله القرشي",
            "timing": "٣:١١"
          },
          {
            "lesson_name": "رشاش - كولين تيج",
            "timing": "٣:٥٠"
          },
          {
            "lesson_name": "سفر برلك - ليث حجو",
            "timing": "٤:٣٨"
          },
          {
            "lesson_name": "سكر - تامر مهدي",
            "timing": "٣:٢٩"
          },
          {
            "lesson_name": "التمثيل كمهنة",
            "timing": "٤:٠٨"
          },
          {
            "lesson_name": "عقود التمثيل",
            "timing": "٤:٠٣"
          },
          {
            "lesson_name": "دور مدير الأعمال (الكاستنج إيجنسي)",
            "timing": "٤:٥٨"
          },
          {
            "lesson_name": "التسويق لنفسك",
            "timing": "٤:٣٢"
          },
          {
            "lesson_name": "صعوبات المهنة",
            "timing": "٥:٠٦"
          },
          {
            "lesson_name": "كيفية اختيار الأعمال",
            "timing": "٣:٠٨"
          },
          {
            "lesson_name": "نصائح عامة",
            "timing": "٨:١٣"
          }
        ]
      }
    ],
    "promoVedio": "string",
    "estimatedLearningTime":"٣ ساعات و٥١ دقيقة",
    "instructors": [
      {
        "name": "خالد يسلم",
        "photoUrl": "https://maflamlmsnew.s3.me-central-1.amazonaws.com/marketingphotos/Rectangle43.png",
        "description": [
          "ممثل سعودي، عمل في مجال الدعاية والإعلان، وككاتب رأي في الصحافة، إلى أن اتجه إلى مجال التمثيل، لتكون تجربته الأولى في عام ٢٠١٦ مع فيلم بركة يقابل بركة، ليشارك بعدها في العديد من الأعمال من بينها مداين، ممسوس، بعد منتصف الليل، سعدية سابت، ورشاش.",
          "خاض خالد يسلم أولى تجاربه البطولية من خلال فيلم رولم، وهو أول فيلم سعودي يُعرض تجاريًا بالمملكة، كما شارك أيضًا في فيلم الهامور ح.ع، والذي حقق نجاحًا كبيرًا في شباك التذاكر السعودي، وتعتبر أحدث مشاركاته في وآخر مشاركاته في الفيلم الغنائي العربي سكر. "
        ]
      }
    ]
  },
  "getPricingCourse1DetailsSecButton": {
    "SubscribeBtn": "اشتر الآن",
    "Addtowhishlist": "أضف إلى المفضلة"
  }
}
