{
  "mesage": "details fetch successfully",
  "getPricingCourse1DetailsSec1": {
    "videotitle": "نبذة عن الدورة"
  },
  "isfree":"true",
  "formattedCourseData": {
    "id": "672c6ec66bea317c7bb13078",
    "courseId": "27",
    "title": " أساسيات DaVinci Resolve",
    "description": "  تستهدف هذه الدورة الأشخاص الذين يرغبون في تعلم المونتاج باستخدام برنامج DaVinci Resolve، أحد أبرز أدوات صناعة الأفلام وتحرير الفيديو. ستمكنك الدورة من اكتساب المهارات اللازمة للاستفادة من مميزاته المتقدمة، بما في ذلك تقنيات التلوين والتأثيرات البصرية. من خلال هذه الدورة، ستتمكن من تحويل رؤيتك الإبداعية إلى واقع ملموس، مما يجعلك متميزًا في مجال المونتاج.",
    "whatyoulearn": " في هذه الدورة، ستتعلم كيفية استخدام مجموعة متنوعة من وظائف برنامج DaVinci Resolve، بما في ذلك تقنيات القطع والتحرير والدمج والتلوين. ستكتسب مهارات التعامل مع مجمع الوسائط، إضافة المؤثرات والجرافيك، وإعداد المشروع بشكل احترافي. بالإضافة إلى ذلك، ستتعلم كيفية ضبط شريط الصوت والتحكم الكامل في جميع خيارات البرنامج. أهم النقاط التي ستتعلمها تشمل فهم أدوات المونتاج في البرنامج، كيفية العمل على الخط الزمني، إضافة ومونتاج الصوت والموسيقى، إضافة المؤثرات والانتقالات، تدريج الألوان وتصحيحها، وتجميع العناصر معًا واستخراج الفيلم.",
    "price":"متاح فقط ضمن الباقة الكاملة",
    "lecturecount": "٨١ درس",
    "promoPhoto": "string",
    "promoVideo": "https://maflamlmsnew.s3.me-central-1.amazonaws.com/marketingphotos/course+teasers/DaVinci/0_Intro_%D9%85%D9%82%D8%AF%D9%85%D8%A9+%D9%81%D9%8A+%D8%AF%D8%A7%D9%81%D9%8A%D9%86%D8%B4%D9%8A+%D8%B1%D9%8A%D8%B3%D9%88%D9%84%DA%A4.mp4",
    "banner": "string",
    "lessions": [
    {
      "SectionTitle1": "أساسيات DaVinci Resolve",
      "Lessons": [
        { "lesson_name": "المقدمة", "timing": "٠:٥٣" },
        { "lesson_name": "تنزيل برنامج الديفينشي", "timing": "٠:٥٧" },
        { "lesson_name": "إنشاء ملف المشروع", "timing": "٠:٤٢" },
        { "lesson_name": "نظرة سريعة للبرنامج", "timing": "١:١٣" },
        { "lesson_name": "الخطوة الأولى", "timing": "٠:٤٣" },
        { "lesson_name": "قسم الميديا", "timing": "١:١٤" },
        { "lesson_name": "قسم الكت", "timing": "٠:٥١" },
        { "lesson_name": "قسم المونتاج", "timing": "١:٠٠" },
        { "lesson_name": "قسم الفيوجن", "timing": "٠:٥١" },
        { "lesson_name": "قسم الألوان", "timing": "٠:٥٦" },
        { "lesson_name": "قسم الفيرفلايت", "timing": "٠:٤٧" },
        { "lesson_name": "شريط التسليم", "timing": "١:٠٠" },
        { "lesson_name": "مجمع الوسائط", "timing": "١:٠٦" },
        { "lesson_name": "مكتبة التأثيرات", "timing": "١:١٩" },
        { "lesson_name": "الفهرس", "timing": "١:١٦" },
        { "lesson_name": "مكتبة الصوتيات", "timing": "٠:٥٣" },
        { "lesson_name": "المكسر", "timing": "٠:٥٠" },
        { "lesson_name": "المعلومات متكاملة", "timing": "٠:٥٨" },
        { "lesson_name": "تصفح", "timing": "١:٠٥" },
        { "lesson_name": "الشاشات", "timing": "١:٣٧" },
        { "lesson_name": "استيراد الوسائط (١)", "timing": "٠:٥٩" },
        { "lesson_name": "الفريم ريت", "timing": "١:٠٨" },
        { "lesson_name": "استيراد الوسائط (٢)", "timing": "١:٠٩" },
        { "lesson_name": "مختبر الخط الحدودي (التايم لاين)", "timing": "١:٢٨" },
        { "lesson_name": "تنسيق إعدادات المشروع", "timing": "١:٣٧" },
        { "lesson_name": "كن منظماً مع الملفات", "timing": "١:٣٩" },
        { "lesson_name": "معاينة الوسائط في نافذة المعاينة", "timing": "١:٣١" },
        { "lesson_name": "إضافة المقاطع للخط الزمني (١)", "timing": "١:١٥" },
        { "lesson_name": "إضافة المقاطع للخط الزمني (٢)", "timing": "١:١٦" },
        { "lesson_name": "تحديد نقطة بداية ونهاية", "timing": "١:٢٧" },
        { "lesson_name": "إضافة الفيديو فقط على الخط الزمني", "timing": "١:٠٣" },
        { "lesson_name": "إضافة الصوت فقط على الخط الزمني", "timing": "١:٠٦" },
        { "lesson_name": "خيارات مظهر الخط الزمني", "timing": "١:٤٢" },
        { "lesson_name": "تحريك القطع", "timing": "١:٢٧" },
        { "lesson_name": "حذف المقطع وترك فراغ", "timing": "١:٠٥" },
        { "lesson_name": "حذف المقطع مباشرة", "timing": "١:٠٩" },
        { "lesson_name": "الحذف المباشر بالبداية", "timing": "١:٢٣" },
        { "lesson_name": "الحذف المباشر بالنهاية", "timing": "١:٠٨" },
        { "lesson_name": "نقل مكان الكت", "timing": "١:٢١" },
        { "lesson_name": "تدرج ظهور المقطع", "timing": "١:١١" },
        { "lesson_name": "تدرج إخفاء المقطع", "timing": "١:١٦" },
        { "lesson_name": "تدرج ظهور الصوت", "timing": "١:٣٠" },
        { "lesson_name": "تدرج إخفاء الصوت", "timing": "١:١٥" },
        { "lesson_name": "التحويل", "timing": "١:١٨" },
        { "lesson_name": "الاقتصاص", "timing": "١:٠٠" },
        { "lesson_name": "خيارات أخرى", "timing": "١:٠١" },
        { "lesson_name": "إعدادات الصوت في المتصفح", "timing": "١:١٤" },
        { "lesson_name": "أدوات تقريب الخط الزمني", "timing": "٠:٥٨" },
        { "lesson_name": "التحرك للأسفل في الخط الزمني", "timing": "٠:٥٧" },
        { "lesson_name": "التقريبي العمودي", "timing": "١:٠١" },
        { "lesson_name": "التقريبي الأفقي", "timing": "٠:٥٩" },
        { "lesson_name": "إضافة مسارات", "timing": "١:٣٢" },
        { "lesson_name": "أيقونات مسارات الفيديو", "timing": "١:١٤" },
        { "lesson_name": "أيقونات مسارات الصوت", "timing": "١:١٩" },
        { "lesson_name": "تبديل المقاطع", "timing": "١:١٤" },
        { "lesson_name": "أداة المغناطيس", "timing": "٠:٥٤" },
        { "lesson_name": "الارتباط وفك الارتباط", "timing": "٠:٥٤" },
        { "lesson_name": "مراجعة", "timing": "٠:٥١" },
        { "lesson_name": "عمل المونتاج سريع", "timing": "١:٠٨" },
        { "lesson_name": "الفلاجز", "timing": "١:١٧" },
        { "lesson_name": "العلامات", "timing": "١:١٢" },
        { "lesson_name": "وضعية التحرير المقتص", "timing": "١:٣٠" },
        { "lesson_name": "خيار إعادة التشغيل", "timing": "١:٢١" },
        { "lesson_name": "ذاكرة التصدير", "timing": "١:٣٩" },
        { "lesson_name": "تسريع المقطع", "timing": "١:٣٦" },
        { "lesson_name": "نظرة عامة على الانتقالات", "timing": "١:٠٩" },
        { "lesson_name": "إضافة الانتقالات", "timing": "٠:٥٤" },
        { "lesson_name": "تعديل أطوال المقاطع", "timing": "١:٠٦" },
        { "lesson_name": "حل مشكلة", "timing": "١:٤١" },
        { "lesson_name": "تخصيص الانتقالات", "timing": "١:٥١" },
        { "lesson_name": "تخصيص الانتقالات (٢)", "timing": "١:٠٦" },
        { "lesson_name": "المولدات", "timing": "١:١١" },
        { "lesson_name": "إضافة خلفية ملونة", "timing": "١:١٧" },
        { "lesson_name": "الكتابة في البرنامج", "timing": "١:٢٠" },
        { "lesson_name": "تعديل الكتابة الجاهزة", "timing": "٢:٠٢" },
        { "lesson_name": "نظرة عامة على المؤثرات", "timing": "١:٢٣" },
        { "lesson_name": "تخصيص المؤثرات", "timing": "١:٢٨" },
        { "lesson_name": "نظرة عامة على الفلاتر", "timing": "١:٠٥" },
        { "lesson_name": "تخصيص الفلاتر", "timing": "١:٠٠" },
        { "lesson_name": "إعدادات الفيديو النهائية", "timing": "٢:١٦" }
      ]
    }
  ]
,
    "promoVedio": "string",
    "estimatedLearningTime":"١ ساعة و٤٠ دقيقة",
    "instructors": [
      {
        "name": "string",
        "photoUrl": "string",
        "description": [
          "string"
        ]
      }
    ]
  },
  "getPricingCourse1DetailsSecButton": {
    "SubscribeBtn": "متاح فقط ضمن الباقة الكاملة",
    "Addtowhishlist": "أضف إلى المفضلة"
  }
}
