{
  "mesage": "details fetch successfully",
  "getPricingCourse1DetailsSec1": {
    "videotitle": "نبذة عن الدورة"
  },
  "isfree":"false",
  "formattedCourseData": {
    "id": "672c5ee7da73549420503e9c",
    "courseId": "21",
    "title": " أساسيات الإنتاج السينمائي",
    "description": "تستهدف هذه الدورة صناع الأفلام الطموحين الذين يتمتعون بروح قيادية وحس فني، ويسعون لتطوير مهاراتهم الإنتاجية الشاملة. ستتعلم كيفية إدارة المشاريع السينمائية بفعالية، بدءًا من التخطيط وحتى التوزيع، مع التركيز على الجوانب الإبداعية والتجارية.",
    "whatyoulearn": "في هذه الدورة، ستتعلم أساسيات الإنتاج ودور المنتجين في صناعة الأفلام وكيفية التعامل مع الجوانب المالية من خلال إتقان التخطيط وإعداد الميزانيات، فضلاً عن إنشاء جداول زمنية دقيقة. ستكتسب أيضًا مهارات مهمة في متابعة الفيلم خلال جميع مراحله، والتعامل مع الموزعين، وحماية حقوق الملكية للفيلم، إلى جانب تفاصيل أخرى. بالإضافة إلى ذلك، ستتوفر لك ملفات وأوراق عمل يمكن تحميلها لأداء التمارين التطبيقية وتعزيز مهاراتك العملية. أهم النقاط التي ستتعلمها تشمل تعريف المنتج ومسؤولياته خلال مراحل صناعة الفيلم، إعداد الميزانية والميزانية الختامية، أوامر العمل اليومية في موقع التصوير، دور الموزع ومسؤولياته، وأهمية العقود وكيفية كتابتها.",
    "price": "٦٥٠ ر.س",
    "lecturecount": "٦٢ درس ",
    "promoPhoto": "string",
    "promoVideo": "https://maflamlmsnew.s3.me-central-1.amazonaws.com/marketingphotos/course+teasers/producing/2.1.650_Ayman_Producing_+%D9%85%D9%82%D8%AF%D9%85%D8%A9+%D8%A7%D9%84%D8%A7%D9%95%D9%86%D8%AA%D8%A7%D8%AC_V3.mp4",
    "banner": "string",
  "lessions": [
    {
      "SectionTitle1": "المقدمة",
      "Lessons": [
        { "lesson_name": "أهمية الصوت في صناعة الأفلام", "timing": "٢:٣٨" },
        { "lesson_name": "دور مهندس الصوت في صناعة الأفلام", "timing": "١:٤٧" },
        { "lesson_name": "مهام فريق الصوت", "timing": "١:٠٢" },
        { "lesson_name": "أساسيات الصوت", "timing": "١:٢٩" },
        { "lesson_name": "شرائح صوت المشهد", "timing": "١:٣٢" }
      ]
    },
    {
      "SectionTitle1": "الجانب التقني",
      "Lessons": [
        { "lesson_name": "المعدات الأساسية لتسجيل الصوت", "timing": "١:٤٤" },
        { "lesson_name": "أنواع المايكات", "timing": "٠:٣٩" },
        { "lesson_name": "الميكروفون الديناميكي", "timing": "١:٣٧" },
        { "lesson_name": "الميكروفون المكثف الكوندنسر", "timing": "١:٤٩" },
        { "lesson_name": "الميكروفون الشريطي الريبون", "timing": "٠:٥١" },
        { "lesson_name": "نمط التقاط الميكروفونات", "timing": "٢:٠٠" },
        { "lesson_name": "رحلة الصوت مع الممثل للفيلم", "timing": "١:٠١" },
        { "lesson_name": "عناصر الميكروفونات اللاسلكية", "timing": "٣:٣٣" },
        { "lesson_name": "تسجيل الصوت على الكاميرا مباشرة السنجل سيستم", "timing": "٣:٣٤" },
        { "lesson_name": "تسجيل الصوت على مكسر بسيط (الدبل سيستم)", "timing": "٥:٣٠" },
        { "lesson_name": "مدخل جهاز التسجيل", "timing": "٢:١٩" },
        { "lesson_name": "جهاز التسجيل", "timing": "١:١٣" },
        { "lesson_name": "إعداد مستوى التضخيم وتفادي تشوه الصوت", "timing": "٢:٠٥" },
        { "lesson_name": "اللفت والرايت مكس", "timing": "٤:٣٤" },
        { "lesson_name": "البري فيدر والبوست فيدر", "timing": "٠:٥٢" },
        { "lesson_name": "مخارج جهاز التسجيل", "timing": "١:٥٤" },
        { "lesson_name": "الهيدفون مكس", "timing": "٥:١٥" },
        { "lesson_name": "إعداد مكس العميل", "timing": "٢:٠٣" },
        { "lesson_name": "إرسال الصوت للكاميرا \\ السكراتش أوديو", "timing": "٢:٠٧" },
        { "lesson_name": "طريقة إعداد الهيدفون رواتينج", "timing": "٢:٣٠" }
      ]
    },
    {
      "SectionTitle1": "التحضير",
      "Lessons": [
        { "lesson_name": "تفريغ النص", "timing": "٣:٠٨" },
        { "lesson_name": "كيف ترتب الشنطة", "timing": "٦:١٣" }
      ]
    },
    {
      "SectionTitle1": "التسجيل",
      "Lessons": [
        { "lesson_name": "اتيكيت اللاف مايك", "timing": "١:٥٠" },
        { "lesson_name": "طريقة تركيب اللاف مايك", "timing": "١١:٣٤" },
        { "lesson_name": "التعامل مع ارتداد الصوت", "timing": "٦:١٢" },
        { "lesson_name": "مقابل لشخصين", "timing": "٤:٥٤" },
        { "lesson_name": "البوم أوبريتر", "timing": "٤:٤٥" },
        { "lesson_name": "استخدام البوم من الأسفل", "timing": "١:٥٠" },
        { "lesson_name": "إخفاء المايك في بيئة التصوير", "timing": "٣:١٢" },
        { "lesson_name": "تركيب المايك في السيارة", "timing": "٣:٣٩" },
        { "lesson_name": "نصائح لتسجيل الصوت الخارجي", "timing": "٣:١٥" },
        { "lesson_name": "الكيابل والوصلات", "timing": "٢:٥٧" },
        { "lesson_name": "تقرير الصوت", "timing": "٣:٢٨" },
        { "lesson_name": "كماليات الصوت", "timing": "٢:٣٧" },
        { "lesson_name": "نصائح تساعدك في الموقع", "timing": "١:٥٣" }
      ]
    }
  ],
    "promoVedio": "string",
    "estimatedLearningTime": "٣ ساعات و٣٠ دقيقة",
    "instructors": [
      {
        "name": "أيمن خوجة",
        "photoUrl": "https://maflamlmsnew.s3.me-central-1.amazonaws.com/marketingphotos/Rectangle2.png",
        "description": ["منتج ومخرج سعودي حاز على العديد من الجوائز في مجال صناعة السينما، حصل على درجة الماجستير في السينما مع مرتبة الشرف من أكاديمية نيويورك للسينما في لوس أنجلوس.", 
        "ويمتلك أيمن خوجة ١٠ سنوات من الخبرة في إنتاج وإخراج الأفلام، وذلك بالتعاون مع استوديوهات دولية وشركات إنتاج عالمية مثل ستوديو أم بي سي أكبر مشغل للبث في الشرق الأوسط، وشبكة ڤيو، أكبر منصة بث في آسيا.", 
        "ويعتبر فيلم \"المحارب العربي\"، هو أول أفلامه الروائية الطويلة، والذي حقق نجاحًا في دور العرض السينمائية، وخلال عرضه في المنصات الرقمية، وفي الوقت الحالي يعمل أيمن مع خبراء صناعة رفيعي المستوى حول العالم لمساعدة ستوديوهات السينما، ومنصات البث، والمستثمرين على تحقيق نتائج عملية تحقق أرباحًا ولها تأثير حقيقي."]
        
      }
    ]
  },
  "getPricingCourse1DetailsSecButton": {
    "SubscribeBtn": "اشتر الآن",
    "Addtowhishlist": "أضف إلى المفضلة"
  }
}
