{
  "mesage": "details fetch successfully",
  "getPricingCourse1DetailsSec1": {
    "videotitle": "نبذة عن الدورة"
  },
  "isfree":"false",
  "formattedCourseData": {
    "id": "672c5bb6a7c24e51d0db091e",
    "courseId": "20",
    "title": "أساسيات الإخراج السينمائي",
    "description": " تستهدف هذه الدورة الأشخاص الشغوفين بفن الإخراج السينمائي الذين يسعون لنقل القصص المؤثرة إلى الشاشة. ستساعدك على تعزيز مهاراتك الإبداعية، وصياغة السرد بشكل يجذب الجمهور. من خلال تعلم التفاصيل الفنية، ستطور أسلوبك الفريد في الإخراج وتتمكن من إيصال رؤيتك السينمائية بطريقة مؤثرة.",
    "whatyoulearn": "في هذه الدورة، ستتعلم كيف تصبح مخرجًا محترفًا وتدير موقع التصوير بكفاءة، حيث ستكتسب مهارات اختيار السيناريو بعناية وتفهم الجوانب الأساسية خلال فترة التحضير. ستتعلم كيفية اختيار الممثلين والتفاعل معهم بفعالية، كما ستغوص في عالم الكاميرا، حيث ستتعرف على دلالات حركاتها وكيفية تأسيس المشهد بشكل مؤثر. بالإضافة إلى ذلك، ستتعلم استراتيجيات إدارة الإنتاج واستفادة الأمثل من كل يوم حتى يصل الفيلم إلى مرحلة المونتاج. ستكتشف القواعد الإخراجية الأساسية التي ستمكنك من إخراج فيلمك الأول باحترافية. أهم النقاط التي ستتعلمها تشمل صلاحيات المخرج، لغة الكاميرا وكيفية تصوير المشهد، قواعد الـ ٣٠ درجة و١٨٠ درجة، التصوير الخارجي والداخلي، واختيار الموسيقى التصويرية المناسبة.",
    "price": " ٦٥٠  ر.س",
    "lecturecount": "٥٦ درس",
    "promoPhoto": "string",
    "promoVideo": "https://maflamlmsnew.s3.me-central-1.amazonaws.com/marketingphotos/course+teasers/Diracting/3.1.582_ODAY_DIRECTING_%D9%85%D9%82%D8%AF%D9%85%D8%A9+%D9%88%D8%AD%D8%AF%D8%A9+%D8%A7%D9%84%D8%A7%D9%95%D8%AE%D8%B1%D8%A7%D8%AC_V02.mp4",
    "banner": "string",
    
      "lessions": [
        {
          "SectionTitle1": "المقدمة",
          "Lessons": [
            { "lesson_name": "مقدمة الإخراج", "timing": "٠:٥٦" },
            { "lesson_name": "ايش هو الإخراج", "timing": "٣:٠٩" },
            { "lesson_name": "خصائص المخرج الناجح", "timing": "٥:٥٨" },
            { "lesson_name": "صلاحيات المخرج", "timing": "٢:٥٤" },
            { "lesson_name": "النظرة الإخراجية", "timing": "٧:٣٢" },
            { "lesson_name": "أنواع المخرجين", "timing": "١:٤٠" },
            { "lesson_name": "البيان الإخراجي", "timing": "٣:٣٩" }
          ]
        },
        {
          "SectionTitle1": "التحضير",
          "Lessons": [
            { "lesson_name": "اختيار الفريق", "timing": "٢:٢٦" },
            { "lesson_name": "تمكين الفريق", "timing": "١:٤٧" },
            { "lesson_name": "التحكم بعين المشاهد", "timing": "٣:٤٤" },
            { "lesson_name": "خليك منطقي", "timing": "٣:١٤" },
            { "lesson_name": "قاعدة الـ ٣٠ درجة", "timing": "٢:١٠" },
            { "lesson_name": "قاعدة البعد", "timing": "٢:٥٧" },
            { "lesson_name": "قاعدة ١٨٠ درجة", "timing": "٣:٥٥" },
            { "lesson_name": "لغة الكاميرا", "timing": "٥:١٠" },
            { "lesson_name": "تأثير عناصر الإنتاج", "timing": "٢:٢٩" },
            { "lesson_name": "وفر وقت وفلوس", "timing": "٤:٤٩" },
            { "lesson_name": "تصوير خارجي والأستوديو", "timing": "٣:٣٣" },
            { "lesson_name": "وريني ولا تقلي", "timing": "٢:٢٢" },
            { "lesson_name": "قراءة النص", "timing": "١:٥٨" },
            { "lesson_name": "مابين السطور", "timing": "٥:٢٠" },
            { "lesson_name": "تفريغ النص (الجزء الأول)", "timing": "٨:٤٥" },
            { "lesson_name": "تفريغ النص (الجزء الثاني)", "timing": "٧:٣٦" },
            { "lesson_name": "ما هي التغطية", "timing": "١:١٣" },
            { "lesson_name": "تغطية المشهد", "timing": "٤:٣٩" },
            { "lesson_name": "التغطية الشاملة", "timing": "٣:٠٩" },
            { "lesson_name": "حطنا هناك", "timing": "٢:٥٢" }
          ]
        },
        {
          "SectionTitle1": "الإنتاج",
          "Lessons": [
            { "lesson_name": "الكلاكيت (الجزء الأول)", "timing": "٩:٠٦" },
            { "lesson_name": "الكلاكيت (الجزء الثاني)", "timing": "٥:٥٣" },
            { "lesson_name": "لائحة تسجيل اللقطات (اللوج شيت)", "timing": "٣:٢٩" },
            { "lesson_name": "كيف تصور المشهد", "timing": "٣:٤١" },
            { "lesson_name": "تطبيق عملي لتصوير المشهد", "timing": "٤:٥٤" },
            { "lesson_name": "أخطاء الراكوار", "timing": "٢:٢１" },
            { "lesson_name": "إشراف النص", "timing": "٧:٠٤" },
            { "lesson_name": "حماية الممثلين", "timing": "٤:١١" },
            { "lesson_name": "العمل مع الممثلين", "timing": "١۰:٥٣" },
            { "lesson_name": "العمل مع الممثلين المبتدئين", "timing": "٨:١٧" },
            { "lesson_name": "وسائل مفيدة", "timing": "٧:١٠" }
          ]
        },
        {
          "SectionTitle1": "المونتاج",
          "Lessons": [
            { "lesson_name": "مشاركة الرؤية مع المونتير", "timing": "١:٢٥" },
            { "lesson_name": "جلطة النسخة الأولى", "timing": "٢:٢٥" },
            { "lesson_name": "الفيلم يصنع مرة ثانية في المونتاج", "timing": "٣:٤٨" },
            { "lesson_name": "تحديد مواقع الموسيقى", "timing": "٣:٠٦" },
            { "lesson_name": "التلوين", "timing": "٢:٣٠" },
            { "lesson_name": "عرض الفيلم على الأصدقاء", "timing": "٢:٣١" }
          ]
        }
      ]
    
    ,
    "promoVedio": "string",
    "estimatedLearningTime": "٤ ساعات و١٢ دقيقة",
    "instructors": [
      {
        "name": "عدي عابد",
        "photoUrl": "https://maflamlmsnew.s3.me-central-1.amazonaws.com/marketingphotos/Rectangle42.png",
        "description": [
          "بدأ عُدّي مسيرته المهنة في الإخراج عام ٢٠١١، بعدما قرر ترك وظيفته الأساسية لمطاردة شغفه في إنشاء المحتوى، أسس عُدّي شركته للإنتاج 77 Films ليتولى معها العديد من المسؤوليات مثل كتابة السيناريو والإخراج والإنتاج. وخلال مسيرته المهنية، أخرج عُدّي أكثر من ٦ برامج تلفزيونية، و موسمين من المسلسل الكوميدي العيلة، والذي عُرض خلال شهر رمضان على قناة SBC، كما أخرج أيضًأ أكثر من ١٢٠ إعلانًا تجاريًا وفيديوهات إعلانية للشركات."
        ]
      }
    ]
  },
  "getPricingCourse1DetailsSecButton": {
    "SubscribeBtn": "اشتر الآن",
    "Addtowhishlist": "أضف إلى المفضلة"
  }
}
