{
  "mesage": "details fetch successfully",
  "getPricingCourse1DetailsSec1": {
    "videotitle": "نبذة عن الدورة"
  },
  "isfree":"false",
  "formattedCourseData": {
    "id": "29",
    "courseId": "672c76cc9a9df20599166ca0",
    "title": " مقدمة عن صناعة الأفلام",
    "description": " تستهدف هذه الدورة الأشخاص الذين يرغبون في دخول عالم صناعة الأفلام وفهم أسس التخطيط والإعداد للفيلم. ستتعلم في هذه الدورة أفضل الطرق لبدء التخطيط والتحضير، بالإضافة إلى مراحل صناعة الفيلم وتقسيماتها وفقًا لمعايير صناعة الأفلام العالمية. كما ستتعرف على منصة مَفلَم وكيفية الوصول إلى جميع الموارد والأدوات اللازمة بسهولة، مما يمكّنك من تحويل أفكارك الإبداعية إلى واقع ملموس في عالم السينما.",
    "whatyoulearn": " في هذه الدورة، ستتعلم كيفية التخطيط والتحضير للفيلم بطرق فعّالة ومنظمة، من مرحلة ما قبل الإنتاج إلى ما بعد الإنتاج، مع التركيز على أهمية كل مرحلة لتحقيق رؤية العمل الفني. ستكتسب نظرة شاملة حول كيفية وضع خطة مفصلة، بدءًا من كتابة السيناريو إلى إدارة الفريق الفني. بالإضافة إلى ذلك، ستتعرف على منصة مَفلَم وكيفية استخدامها للوصول إلى الموارد الضرورية لصناعة الفيلم،",
    "price":"متاح فقط ضمن الباقة الكاملة",
    "lecturecount": "٥ دروس",
    "promoPhoto": "https://maflamlmsnew.s3.me-central-1.amazonaws.com/marketingphotos/Rectangle42.png",
    "promoVideo": "",
    "banner": "string",
    "lessions": [
      {
        "SectionTitle1": "مقدمة في صناعة الأفلام"  ,
        "Lessons": [
          { "lesson_name": "أهمية صناعة الأفلام", "timing": "٣:٥٩" },
          { "lesson_name": "مراحل الفيلم", "timing": "٢:٤٩" },
          { "lesson_name": "أقسام فريق العمل", "timing": "٣:٢٠" },
          { "lesson_name": "فهم التنظيم الهرمي لفريق الإنتاج", "timing": "٢:٣٩" },
          { "lesson_name": "عن منصة مفلم", "timing": "١:٣٩" }
        ]
      }
    ],
    "promoVedio": "string",
    "estimatedLearningTime": "١٤ دقيقة",
    "instructors": [
      {
        "name": "عدي عابد",
        "photoUrl": "https://maflamlmsnew.s3.me-central-1.amazonaws.com/marketingphotos/Rectangle42.png",
        "description": [
         "بدأ عُدّي مسيرته المهنة في الإخراج عام ٢٠١١، بعدما قرر ترك وظيفته الأساسية لمطاردة شغفه في إنشاء المحتوى، أسس عُدّي شركته للإنتاج 77 Films ليتولى معها العديد من المسؤوليات مثل كتابة السيناريو والإخراج والإنتاج. وخلال مسيرته المهنية، أخرج عُدّي أكثر من ٦ برامج تلفزيونية، و موسمين من المسلسل الكوميدي العيلة، والذي عُرض خلال شهر رمضان على قناة SBC، كما أخرج أيضًأ أكثر من ١٢٠ إعلانًا تجاريًا وفيديوهات إعلانية للشركات."
        ]
      }
    ]
  },
  "getPricingCourse1DetailsSecButton": {
    "SubscribeBtn":"متاح فقط ضمن الباقة الكاملة",
    "Addtowhishlist": "أضف إلى المفضلة"
  }
}
