{
  "mesage": "details fetch successfully",
  "getPricingCourse1DetailsSec1": {
      "videotitle": "نبذة عن الدورة."
    
  },
  "isfree":"false",
  "formattedCourseData": {
      "id": "672c62b61f099bf569d0f8eb",
      "courseId": "23",
      "title":"أساسيات الكتابة السينمائية",
      "description": "تستهدف هذه الدورة كل الكتّاب أصحاب الخيال الواسع، من لديهم طموح في نقل أفكارهم وقصصهم إلى شاشة السينما، وتعلّم كيفية كتابة سيناريو احترافي، ومعرفة مقومات السيناريو الناجح الذي يبحث عنه المنتجون.",
      "whatyoulearn":"في هذه الدورة، ستتعلم كيفية ابتكار أفكار إبداعية جديدة وتحويلها إلى قصة مكتملة العناصر، بالإضافة إلى بناء حبكة قوية ورسم شخصيات معقدة، وتحديد الصراع والغاية. ستتعلم أيضًا كيفية كتابة المعالجة السينمائية وتقسيم السيناريو، وأنواع الحوار وتخطيط المشاهد، وصولًا إلى تعلم كيفية صياغة أفكارك وقصصك في شكل سيناريو مكتوب قبل أن يصل إلى الشاشة الكبيرة. بالإضافة إلى ذلك، ستتوفر لك أوراق عمل يمكن تحميلها لأداء التمارين التطبيقية وتعزيز مهاراتك العملية. أهم النقاط التي ستتعلمها في هذه الدورة تشمل كيفية بناء المشهد، أنواع الشخصيات، خلق الصراع والغاية، المعالجة وأنواعها، أسس كتابة الحوار، كتابة نهاية السيناريو، والتعديلات لأغراض إنتاجية.",
      "price": "٧٥٠ ر.س",
      "lecturecount": "٥٤ درس ",
      "promoPhoto": "https://maflamlmsnew.s3.me-central-1.amazonaws.com/marketingphotos/pricing12.png",
      "promoVideo": "https://maflamlmsnew.s3.me-central-1.amazonaws.com/marketingphotos/course+teasers/Writing/1.1.169_AFNAN_WRITING_%D9%85%D9%82%D8%AF%D9%85%D8%A9+%D8%AF%D9%88%D8%B1%D8%A9+%D8%A7%D9%84%D9%83%D8%AA%D8%A7%D8%A8%D8%A9_V03.mp4",
      "banner": "https://maflamlmsnew.s3.me-central-1.amazonaws.com/marketingphotos/pricing12.png",
      "lessions":[
        {
          "SectionTitle1": "المقدمة",
          "Lessons": [

          ]
        },
        
        {
          "SectionTitle1": "من الفكرة للقصة",
          "Lessons": [
            {
              "lesson_name": "الفكرة الإبداعية",
              "timing": "٧:٣١"
            },
            {
              "lesson_name": "ورشة كتابة الفكرة الإبداعية",
              "timing": "٧:٥٨"
            },
            {
              "lesson_name": "ما هي القصة؟",
              "timing": "٥:٢٠"
            },
            {
              "lesson_name": "ورشة كتابة القصة",
              "timing": "٥:٥٠"
            },
            {
              "lesson_name": "الثيمة",
              "timing": "٤:٣٠"
            },
            {
              "lesson_name": "ورشة كتابة الثيمة",
              "timing": "٧:٤١"
            },
            {
              "lesson_name": "الحبكة",
              "timing": "٥:٥٣"
            },
            {
              "lesson_name": "ورشة كتابة بناء الحبكة",
              "timing": "٨:٣١"
            },
            {
              "lesson_name": "أنواع الشخصيات",
              "timing": "٥:٥٣"
            },
            {
              "lesson_name": "ورشة كتابة أنواع الشخصيات",
              "timing": "٥:٤٩"
            },
            {
              "lesson_name": "بناء البطاقة التعريفية للشخصيات",
              "timing": "٨:٣٧"
            },
            {
              "lesson_name": "ورشة بناء البطاقة التعريفية للشخصيات",
              "timing": "١٥:٥٠"
            },
            {
              "lesson_name": "الحيثيات",
              "timing": "٨:٥٢"
            },
            {
              "lesson_name": "ورشة كتابة الحيثيات",
              "timing": "٧:٢٦"
            },
            {
              "lesson_name": "الصراع",
              "timing": "٨:٣٨"
            },
            {
              "lesson_name": "ورشة كتابة الصراع",
              "timing": "٤:١١"
            },
            {
              "lesson_name": "مراجعة عامة",
              "timing": "١:٢٩"
            }
          ]
        },{
          "SectionTitle1": "من القصة للمعالجة",
          "Lessons": [
            {
              "lesson_name": "نبذة عن الوحدة الثانية",
              "timing": "٢:٣٢"
            },
            {
              "lesson_name": "البناء والمنطق الدرامي",
              "timing": "٣:٥٩"
            },
            {
              "lesson_name": "التطوير المعرفي للعمل: معمل البحوثات",
              "timing": "٣:٤٣"
            },
            {
              "lesson_name": "ورشة كتابة: معمل البحوث",
              "timing": "٨:٢٣"
            },
            {
              "lesson_name": "معالجة الشخصيات: تحديد الرغبة والاحتياج",
              "timing": "٥:٥٠"
            },
            {
              "lesson_name": "ورشة كتابة: معالجة أنواع الشخصيات",
              "timing": "٤:١٧"
            },
            {
              "lesson_name": "معالجة الشخصيات: نماذج الشخصيات",
              "timing": "١٥:٥٦"
            },
            {
              "lesson_name": "ورشة كتابة: نماذج الشخصيات",
              "timing": "٦:١١"
            },
            {
              "lesson_name": "معالجة الحيثيات",
              "timing": "٧:٠٩"
            },
            {
              "lesson_name": "ورشة كتابة: معالجة الحيثيات",
              "timing": "٦:٤٥"
            },
            {
              "lesson_name": "معالجة الحبكة",
              "timing": "٧:٠٤"
            },
            {
              "lesson_name": "ورشة كتابة: معالجة الحبكة",
              "timing": "٦:٢٣"
            },
            {
              "lesson_name": "معالجة الصراع (الجزء ١)",
              "timing": "٨:٥٤"
            },
            {
              "lesson_name": "معالجة الصراع (الجزء ٢)",
              "timing": "١٢:٢٨"
            },
            {
              "lesson_name": "ورشة كتابة معالجة الصراع",
              "timing": "٣:٥٤"
            },
            {
              "lesson_name": "ماهي المعالجة؟",
              "timing": "١٠:١٤"
            },
            {
              "lesson_name": "ورشة كتابة المعالجة",
              "timing": "٦:٢٩"
            }
          ]},
          {
          "SectionTitle1": "من المعالجة للنص",
          "Lessons": [
            {
              "lesson_name": "ما هو السيناريو",
              "timing": "٦:٢٣"
            },
            {
              "lesson_name":"بنية السيناريو: الفصول وفقرات المشاهد (الجزء ١)",
              "timing": "١٢:٣٠"
            },
            {
              "lesson_name": "بنية السيناريو: الفصول وفقرات المشاهد (الجزء ٢)",
              "timing": "١٣:١١"
            },
            {
              "lesson_name": "ورشة كتابة فقرات المشاهد",
              "timing": "٣:٣٦"
            },
            {
              "lesson_name": "بنية السيناريو: أنواع المشاهد",
              "timing": "٧:٠٦"
            },
            {
              "lesson_name": "بنية السيناريو: اللحظات",
              "timing": "٦:٢٧"
            },
            {
              "lesson_name": "عناصر بناء المشهد",
              "timing": "١١:٣٩"
            },
            {
              "lesson_name": "القواعد التقنية لكتابة المشهد",
              "timing": "١٣:٥٧"
            },
            {
              "lesson_name": "أنواع الحوار",
              "timing": "١٢:٠٠"
            },
            {
              "lesson_name": "أسس كتابة الحوار",
              "timing": "١١:٠٨"
            },
            {
              "lesson_name": "برامج كتابة السيناريو",
              "timing": "٣:١٦"
            },
            {
              "lesson_name": "تقنية كتابة التبويبة والوصف",
              "timing": "١١:٣١"
            },
            {
              "lesson_name": "تقنية كتابة الحوار",
              "timing": "١١:٢٤"
            },
            {
              "lesson_name": "ورشة كتابة الحوار",
              "timing": "٥:٣٤"
            },
            {
              "lesson_name": "تقنية كتابة التنقل",
              "timing": "٦:٤٠"
            },
            {
              "lesson_name": "مخطط المشاهد",
              "timing": "١١:٤٧"
            },
            {
              "lesson_name": "ورشة مخطط المشاهد",
              "timing": "٤:٠٠"
            },
            {
              "lesson_name": "التعديل لغرض الإنتاج",
              "timing": "٦:٤٩"
            },
            {
              "lesson_name": "الختام",
              "timing": "١:٠٨"
            }
          ]
        }
        ],
      "promoVedio": "https://maflamlmsnew.s3.me-central-1.amazonaws.com/marketingphotos/course+teasers/Acting/7.1.945_Kaled_Acting_%D8%A7%D9%84%D9%85%D9%82%D8%AF%D9%85%D8%A9_V01.mp4",
      "estimatedLearningTime": "٦ ساعات و٤٣ دقيقة",
      "instructors": [
          {
              "name": " أفنان لنجاوي",
              "photoUrl": "https://maflamlmsnew.s3.me-central-1.amazonaws.com/marketingphotos/Rectangle40.png",
              "description": [
              "كاتبة سيناريو، حصلت على ماجستير في كتابة السيناريو من جامعة فالموث في بريطانيا، وتمتلك أفنان خبرة ١٠ سنوات في الكتابة الدرامية، وكانت بدايتها في كتابة المسرحيات، حتى انتقلت إلى كتابة السيناريو سنة ٢٠١٧. حازت أفنان على عدة جوائز في كتابة السيناريو وهي جائزة سكرين كرافت في كتابة الأفلام القصيرة، وجائزة شوكيس الأمريكية لمعالجة فيلم طويل وجائزة ديسكوب لمعالجة المسلسلات.أُنتج لها ثلاث أفلام قصيرة، حازت بعضها على جوائز في المهرجانات، وشاركت في عدد من المسلسلات والأفلام الطويلة، كما قدمت دورات في كتابة السيناريو في In5 Media في دبي وعملت على تطوير مناهج الكتابة في كتابة السيناريو."
              ]
          }
      ]
  },
  "getPricingCourse1DetailsSecButton": {
      "SubscribeBtn": "اشتر الآن",
      "Addtowhishlist":"أضف إلى المفضلة"
  }
}