{
  "mesage": "details fetch successfully",
  "getPricingCourse1DetailsSec1": {
    "videotitle": "نبذة عن الدورة"
  },
  "isfree":"true",
  "formattedCourseData": {
    "id": "672c73b06191fae5fb669530",
    "courseId": "28",
    "title": "أساسيات Vegas Pro",
    "description": "تستهدف هذه الدورة الأشخاص الذين يسعون لتطوير مهاراتهم في مرحلة ما بعد الإنتاج باستخدام برنامج Vegas Pro. ستتعلم كيفية استخدام هذا البرنامج لإجراء مونتاج احترافي للأفلام، مع التركيز على تفاصيله وخباياه. ستستكشف جميع الأدوات المتاحة التي تساعدك في تحقيق نتائج مميزة، مما يتيح لك تقديم أعمال احترافية وإبداعية.",
    "whatyoulearn": "في هذه الدورة، ستتعلم الميزات الأساسية لبرنامج Vegas Pro، بما في ذلك كيفية إنشاء مشروع جديد، تنظيم الملفات، وضبط القطاعات بشكل فعال. ستكتسب مهارات إضافة التأثيرات والجرافيك، والعمل على الصوت والصورة، مع فهم شامل لقواعد المونتاج. أهم النقاط التي ستتعلمها تشمل مقدمة عن البرنامج وكيفية تحميله، شرح الفريم ريت، تنظيم الملفات، التعامل مع الخط الزمني واستخدام شريط الأدوات، فصل المقاطع، والخصائص المميزة للبرنامج.",
    "price": "متاح فقط ضمن الباقة الكاملة",
    "lecturecount": "٧٩ درس ",
    "promoPhoto": "string",
    "promoVideo": "https://maflamlmsnew.s3.me-central-1.amazonaws.com/marketingphotos/course+teasers/SONY+VEGAS/00.%D8%A7%D9%84%D9%85%D9%82%D8%AF%D9%85%D8%A9.mp4",
    "banner": "string",
    "lessions": [
      {
        "SectionTitle1": "أساسيات Vegas Pro",
        "Lessons": [
          { "lesson_name": "المقدمة", "timing": "١:٠٥" },
          { "lesson_name": "تحميل البرنامج", "timing": "١:٠٠" },
          { "lesson_name": "إتجاه الفيديو", "timing": "١:٠٦" },
          { "lesson_name": "ما هو الفريم ريت", "timing": "١:٠٢" },
          { "lesson_name": "ما هي الدقة (الريزلوشن)", "timing": "١:٠٠" },
          { "lesson_name": "حفظ المشروع", "timing": "١:١٣" },
          { "lesson_name": "إعادة ضبط شاشة العمل", "timing": "٠:٥٣" },
          { "lesson_name": "قسم الملفات", "timing": "١:٣٤" },
          { "lesson_name": "الخط الزمني (التايم لاين)", "timing": "١:١٢" },
          { "lesson_name": "شاشة العرض", "timing": "١:٠١" },
          { "lesson_name": "الماستر بص", "timing": "٠:٥٥" },
          { "lesson_name": "استيراد الملفات (١)", "timing": "١:٠٤" },
          { "lesson_name": "استيراد الملفات (٢)", "timing": "١:٠٩" },
          { "lesson_name": "إضافة المقاطع الى الـ Timeline", "timing": "١:١٨" },
          { "lesson_name": "تشغيل المقاطع على الخط الزمني (التايم لاين)", "timing": "٢:٠٤" },
          { "lesson_name": "تشغيل المقاطع على الخط الزمني (التايم لاين) الجزء الثاني", "timing": "١:٥٣" },
          { "lesson_name": "تسريع التقديم والترجيع", "timing": "١:٣٠" },
          { "lesson_name": "إستخدام خاصية الإلغاء وخاصية الإعادة", "timing": "١:٤٥" },
          { "lesson_name": "إستخدام خاصية القص - لصق - القطع", "timing": "١:٥٣" },
          { "lesson_name": "إستخدام أداة التقليم", "timing": "١:١٧" },
          { "lesson_name": "حدود الأقسام", "timing": "١:١٣" },
          { "lesson_name": "فصل المقاطع", "timing": "١:١٠" },
          { "lesson_name": "تقليم بداية المقطع", "timing": "١:٢٣" },
          { "lesson_name": "تقليم نهاية المقطع", "timing": "١:١٠" },
          { "lesson_name": "مسار الصوت", "timing": "١:٢٢" },
          { "lesson_name": "ارتفاع المسارات", "timing": "١:٠٣" },
          { "lesson_name": "ترتيب المسارات", "timing": "١:١٩" },
          { "lesson_name": "أداة الاختيار", "timing": "١:٢٣" },
          { "lesson_name": "تبديل المقاطع", "timing": "١:١٥" },
          { "lesson_name": "تصفح الخط الزمني", "timing": "١:٢٦" },
          { "lesson_name": "كيفية عمل ربط المقاطع وفك ربطها", "timing": "١:١٤" },
          { "lesson_name": "حذف فقط الفيديو", "timing": "١:١٣" },
          { "lesson_name": "حذف فقط الصوت", "timing": "١:١٢" },
          { "lesson_name": "ربط المقاطع", "timing": "١:٠٦" },
          { "lesson_name": "مستوى الصوت", "timing": "١:٢٩" },
          { "lesson_name": "خاصية السنابينج", "timing": "١:٠٨" },
          { "lesson_name": "الالتقاء المتدرج (كروس فيد)", "timing": "١:١٣" },
          { "lesson_name": "استخدام أداة (الريبل توول)", "timing": "١:١٢" },
          { "lesson_name": "حذف المقطع وترك فراغ", "timing": "١:٠٤" },
          { "lesson_name": "موضع المؤشر", "timing": "١:١٢" },
          { "lesson_name": "تغيير الشفافية", "timing": "١:٢٠" },
          { "lesson_name": "تدرج ظهور المقطع", "timing": "١:١٣" },
          { "lesson_name": "تدرج إخفاء المقطع", "timing": "١:٠٨" },
          { "lesson_name": "تدرج ظهور الصوت", "timing": "١:٠٨" },
          { "lesson_name": "تدرج إخفاء الصوت", "timing": "١:١٢" },
          { "lesson_name": "تدرج أطراف مقاطع الفيديو (فيد ان وفيد اوت)", "timing": "١:١٢" },
          { "lesson_name": "نقاط التحكم بالفيديو (إنفيلوبس) الطريقة الأولى", "timing": "١:٣٦" },
          { "lesson_name": "نقاط التحكم بالفيديو (إنفيلوبس) الطريقة الثانية", "timing": "١:١١" },
          { "lesson_name": "نقاط التحكم بالصوت (إنفيلوبس) الطريقة الأولى", "timing": "١:٤٠" },
          { "lesson_name": "نقاط التحكم بالصوت (إنفيلوبس) الطريقة الثانية", "timing": "١:٢٤" },
          { "lesson_name": "استخدام أداة الصمت", "timing": "١:٠٧" },
          { "lesson_name": "استخدام السولو", "timing": "١:١٨" },
          { "lesson_name": "أداة القفل", "timing": "١:١٧" },
          { "lesson_name": "أداة Markers", "timing": "١:٠٩" },
          { "lesson_name": "قسم الملاحظات", "timing": "١:٣٧" },
          { "lesson_name": "تعديل طول المقاطع", "timing": "١:١١" },
          { "lesson_name": "تسريع المقاطع", "timing": "١:٠٥" },
          { "lesson_name": "مراجعة", "timing": "١:٠٠" },
          { "lesson_name": "إستعمال أداة التكبير", "timing": "١:٠٨" },
          { "lesson_name": "استعمال الإطار الرئيسي", "timing": "١:١٦" },
          { "lesson_name": "مؤثرات الفيديو", "timing": "١:١٥" },
          { "lesson_name": "إضافة المؤثرات", "timing": "١:٢٩" },
          { "lesson_name": "تعديل المؤثرات", "timing": "١:٠٣" },
          { "lesson_name": "الاقتصاد الكروب", "timing": "١:٣٣" },
          { "lesson_name": "إضافة إطار", "timing": "١:٠٩" },
          { "lesson_name": "السطوع والتباين", "timing": "١:١٨" },
          { "lesson_name": "الأبيض والأسود", "timing": "١:١٣" },
          { "lesson_name": "قسم المعالج الرقمية", "timing": "١:١٤" },
          { "lesson_name": "إضافة الجينريتور", "timing": "١:٠١" },
          { "lesson_name": "إضافة لون فقط", "timing": "١:٠٨" },
          { "lesson_name": "إضافة عنوان", "timing": "١:٢٨" },
          { "lesson_name": "إضافة عنوان متحرك", "timing": "١:٢٥" },
          { "lesson_name": "إضافة الاعتمادات", "timing": "٢:١١" },
          { "lesson_name": "نظرة على الانتقالات", "timing": "١:١٣" },
          { "lesson_name": "تطبيق الانتقالات", "timing": "٠:٥٩" },
          { "lesson_name": "تعديل طول الانتقالات", "timing": "١:١٦" },
          { "lesson_name": "خيارات تعديل الانتقالات المثال الأول", "timing": "١:٢٣" },
          { "lesson_name": "خيارات تعديل الانتقالات المثال الثاني", "timing": "١:٢٤" },
          { "lesson_name": "إعداد الفيديو النهائية", "timing": "١:٥٢" }
        ]
      }
    ],
    "promoVedio": "string",
    "estimatedLearningTime": "١ ساعة و ٤١ دقيقة",
    "instructors": [
      {
        "name": "string",
        "photoUrl": "string",
        "description": [
          "string"
        ]
      }
    ]
  },
  "getPricingCourse1DetailsSecButton": {
    "SubscribeBtn": "متاح فقط ضمن الباقة الكاملة",
    "Addtowhishlist": "أضف إلى المفضلة"
  }
}
