{
  "mesage": "details fetch successfully",
  "getPricingCourse1DetailsSec1": {
    "videotitle": "نبذة عن الدورة"
  },
  "isfree":"false",
  "formattedCourseData": {
    "id": "672c7f444f6f4724a95a8e1e",
    "courseId": "30",
    "title": " العمل في صناعة الأفلام",
    "description": " تستهدف هذه الدورة الأشخاص الراغبين في العمل في صناعة الأفلام وتطوير مهاراتهم لتصبح صانعي أفلام محترفين. ستتعلم فيها أساسيات المهنة، بما في ذلك كيفية تنظيم عملك بشكل فعّال والتواصل مع الآخرين في الفريق. كما ستكتسب مهارات مهمة للتعامل مع التحديات والانتقادات، مما يساعدك على الانطلاق بثقة في عالم السينما. تهدف الدورة إلى توفير الأدوات والمعرفة اللازمة لبناء مستقبل مهني ناجح في صناعة الأفلام.",
    "whatyoulearn": "في هذه الدورة، ستكتشف جميع الجوانب المهمة لمهنة صناعة الأفلام التي تؤهلك لتصبح صانع أفلام محترف وذو مسؤولية. ستتعلم كيفية إدارة وقتك بفعالية، وما هي الأدوات والموارد التي ينبغي عليك أخذها معك إلى موقع التصوير. ستتعرف أيضًا على كيفية تحديد قيمتك المهنية، وأساليب التعامل مع الانتقادات، بالإضافة إلى كيفية التفاعل بشكل إيجابي مع فريق العمل. كما ستتعلم استراتيجيات للحصول على فرصك الأولى في هذا المجال.",
    "price":"متاح فقط ضمن الباقة الكاملة",
    "lecturecount":"٢٠ درس" ,
    "promoPhoto": "https://maflamlmsnew.s3.me-central-1.amazonaws.com/marketingphotos/Rectangle42.png",
    "promoVideo": "",
    "banner": "string",
    "lessions": [
      {
        "SectionTitle1": "حياة صناع الأفلام",
        "Lessons": [
          { "lesson_name": "حياة صانع", "timing": "٤:٤١" },
          { "lesson_name": "ساعات العمل", "timing": "٣:١٢" },
          { "lesson_name": "التوازن بين العمل والبيت", "timing": "٢:٢٥" },
          { "lesson_name": "إدارة أوقات الفراغ", "timing": "٣:١٤" },
          { "lesson_name": "التعامل مع النقد", "timing": "١:٥٢" },
          { "lesson_name": "كيف تهرب", "timing": "٢:٤٤" }
        ]
      },
      {
        "SectionTitle1": "استقطاب المشاريع",
        "Lessons": [
          { "lesson_name": "كيف تحدد اسعارك", "timing": "٣:١٧" },
          { "lesson_name": "الانخراط في سوق العمل", "timing": "٣:٤٠" },
          { "lesson_name": "الحصول على المشاريع", "timing": "٤:٠٠" },
          { "lesson_name": "فن بناء العلاقات", "timing": "٢:١٦" }
        ]
      },
      {
        "SectionTitle1": "المهنية",
        "Lessons": [
          { "lesson_name": "ايش تجيب على السيت", "timing": "٦:٠٩" },
          { "lesson_name": "ايش تسوي ليلة التصوير", "timing": "٢:٢٩" },
          { "lesson_name": "يوم التصوير", "timing": "١:٥٥" },
          { "lesson_name": "إيتيكت السيت", "timing": "٥:٠٩" },
          { "lesson_name": "التعامل مع أجهزة الووكي توكي", "timing": "٥:٥٨" },
          { "lesson_name": "العمل مع الآخرين", "timing": "٥:٢١" },
          { "lesson_name": "التعامل مع الناس المشكلجية", "timing": "١:٥٧" },
          { "lesson_name": "خلي السيت مقفل", "timing": "٣:٠٨" },
          { "lesson_name": "نهاية يوم التصوير", "timing": "٤:٠٢" },
          { "lesson_name": "ضبط سلوكك", "timing": "٣:٢٣" }
        ]
      }
    ],
    "promoVedio": "string",
    "estimatedLearningTime": "١ ساعة ٢٧ دقيقة",
    "instructors": [
      {
        "name": "عدي عابد",
        "photoUrl": "https://maflamlmsnew.s3.me-central-1.amazonaws.com/marketingphotos/Rectangle42.png",
        "description": ["بدأ عُدّي مسيرته المهنة في الإخراج عام ٢٠١١، بعدما قرر ترك وظيفته الأساسية لمطاردة شغفه في إنشاء المحتوى، أسس عُدّي شركته للإنتاج 77 Films ليتولى معها العديد من المسؤوليات مثل كتابة السيناريو والإخراج والإنتاج.",
          "وخلال مسيرته المهنية، أخرج عُدّي أكثر من ٦ برامج تلفزيونية، و موسمين من المسلسل الكوميدي العيلة، والذي عُرض خلال شهر رمضان على قناة SBC، كما أخرج أيضًأ أكثر من ١٢٠ إعلانًا تجاريًا وفيديوهات إعلانية للشركات."
        ]
      }
    ]
  },
  "getPricingCourse1DetailsSecButton": {
    "SubscribeBtn":"متاح فقط ضمن الباقة الكاملة",
    "Addtowhishlist": "أضف إلى المفضلة"
  }
}
